avenger = Avenger <bole.Chen@gmail.com>
bear = bear <bear@php.net>
bjori = bjori <bjori@php.net>
carusogabriel = carusogabriel <carusogabriel@php.net>
class007 = class007 <class007@php.net>
cmb = cmb <cmb@php.net>
daijie = daijie <daijie@php.net>
dallas = dallas <dallas@php.net>
danbrown = danbrown <danbrown@php.net>
degeberg = degeberg <degeberg@php.net>
duanxiaoqiang = duanxiaoqiang <duanxiaoqiang@php.net>
eniac2008 = Altair <eniac2008@php.net>
girgias = girgias <girgias@php.net>
gwynne = gwynne <gwynne@php.net>
haohappy = Haohappy <haohappy@php.net>
herrywood = herrywood <herrywood@php.net>
honestqiao = HonestQiao <honestqiao@php.net>
hytest = hytest <hytest@php.net>
ichenshy = ichenshy <ichenshy@php.net>
jhdxr = jhdxr <jhdxr@php.net>
jiania = Jiania <jiania@php.net>
kalle = kalle <kalle@php.net>
laruence = laruence <laruence@php.net>
lm92 = lm92 <lm92@php.net>
neeke = neeke <neeke@php.net>
nilgun = nilgun <nilgun@php.net>
philip = philip <philip@php.net>
phpvcn = esayr <phpvcn@gmail.com>
ramsey = ramsey <ramsey@php.net>
rasmus = rasmus <rasmus@php.net>
reeze = reeze <reeze@php.net>
rquadling = rquadling <rquadling@php.net>
salathe = salathe <salathe@php.net>
simionea = simionea <simionea@php.net>
sobak = sobak <sobak@php.net>
torben = torben <torben@php.net>
twosee = twosee <twosee@php.net>
vrana = vrana <vrana@php.net>
yincheng = yincheng <yincheng@php.net>
yuanyuqiang = yuanyuqiang <yuanyuqiang@gmail.com>
zhouhao007 = zhouhao007 <zhouhao007@php.net>
zhoumengkang = zhoumengkang <zhoumengkang@php.net>